{
  "scene": "beach",
  "model": "WorldPlay-5B + DINO Best-of-3 Optimization",
  "num_frames": 61,
  "num_chunks": 4,
  "num_candidates": 3,
  "resolution": "1280x704",
  "fps": 16,
  "dino": {
    "adj_sim_per_frame": [
      0.9854193329811096,
      0.971550703048706,
      0.9809592366218567,
      0.9920538067817688,
      0.9803445339202881,
      0.9754229187965393,
      0.9882875680923462,
      0.9872429370880127,
      0.9882679581642151,
      0.9835913181304932,
      0.9761454463005066,
      0.9883460402488708,
      0.9756980538368225,
      0.9715784192085266,
      0.9885106682777405,
      0.9890652298927307,
      0.9823039174079895,
      0.9824475049972534,
      0.9349369406700134,
      0.9906234741210938,
      0.9694802761077881,
      0.9761547446250916,
      0.9841935634613037,
      0.9812462329864502,
      0.9871041178703308,
      0.9839143753051758,
      0.9589766263961792,
      0.9774048328399658,
      0.9714762568473816,
      0.946500301361084,
      0.9709348082542419,
      0.976310670375824,
      0.9657580852508545,
      0.97455233335495,
      0.9702918529510498,
      0.9782414436340332,
      0.985118567943573,
      0.9771323204040527,
      0.9884746670722961,
      0.9891059994697571,
      0.9800398349761963,
      0.969415545463562,
      0.9751648902893066,
      0.9926542043685913,
      0.991850733757019,
      0.9736242294311523,
      0.9910814166069031,
      0.9933226704597473,
      0.9899207353591919,
      0.9803821444511414,
      0.9807858467102051,
      0.9903178215026855,
      0.990711510181427,
      0.9805580973625183,
      0.9911175966262817,
      0.9891297817230225,
      0.9905527830123901,
      0.9938549399375916,
      0.9815652370452881,
      0.9880179166793823
    ],
    "adj_sim_mean": 0.9806539416313171,
    "anchor_sim_per_frame": [
      1.0000001192092896,
      0.9854193329811096,
      0.9601821899414062,
      0.9351067543029785,
      0.9393311738967896,
      0.9515369534492493,
      0.9507250785827637,
      0.9496119022369385,
      0.9429501295089722,
      0.9434067010879517,
      0.9334729313850403,
      0.9128026366233826,
      0.9164649844169617,
      0.9114668965339661,
      0.9091190695762634,
      0.908402144908905,
      0.9183189272880554,
      0.9222520589828491,
      0.9092233180999756,
      0.9079320430755615,
      0.9030763506889343,
      0.9189409613609314,
      0.9117787480354309,
      0.9088737964630127,
      0.8925178647041321,
      0.8926945328712463,
      0.8908200263977051,
      0.9223769307136536,
      0.9069669246673584,
      0.9053528904914856,
      0.9115759134292603,
      0.924109935760498,
      0.9201639890670776,
      0.919405996799469,
      0.9119642376899719,
      0.9144759178161621,
      0.9029434323310852,
      0.9046587347984314,
      0.8959838151931763,
      0.8748581409454346,
      0.8796493411064148,
      0.8765489459037781,
      0.8876963257789612,
      0.8750633001327515,
      0.8739249110221863,
      0.8555411100387573,
      0.8818514943122864,
      0.8729979991912842,
      0.8724168539047241,
      0.8801943063735962,
      0.8465650677680969,
      0.8502815365791321,
      0.8456735610961914,
      0.8375298380851746,
      0.8404043316841125,
      0.8420609831809998,
      0.8334584832191467,
      0.8487822413444519,
      0.8476835489273071,
      0.8419910669326782,
      0.8473374247550964
    ],
    "anchor_sim_mean": 0.8996543288230896,
    "anchor_sim_last": 0.8473374247550964,
    "anchor_sim_drop_pct": 15.266257286071777
  },
  "psnr": {
    "psnr_per_frame": [
      19.44688262178673,
      19.422812531330727,
      17.743398570788205,
      20.206750360357752,
      18.527183731207778,
      18.15987271874731,
      19.745781732887895,
      20.076782776711276,
      19.464937808268576,
      19.6983214267706,
      17.76424346052617,
      20.464537529232768,
      19.43506186179231,
      17.673683160561897,
      19.199546260495786,
      19.546847318265065,
      19.11804142949725,
      19.12578453523581,
      17.572492996128787,
      19.387096646906762,
      19.379756363591564,
      17.52451864078449,
      19.027059436819687,
      19.62305516057443,
      19.119240110125332,
      19.105060827425923,
      17.745945791593606,
      19.408719009584377,
      19.02405343358496,
      17.43923305950738,
      18.812970865334858,
      19.183486284995553,
      18.580084705840076,
      18.556036359009795,
      17.241589884940144,
      18.87697273072511,
      18.591788041463197,
      17.037393522765644,
      18.415643113841362,
      19.041745965491238,
      18.14643020301923,
      18.561434549272725,
      17.31677022103925,
      18.90471134897863,
      18.797306109126353,
      16.981692629762197,
      18.26201720138634,
      18.61075138154344,
      18.243624472569245,
      18.13670464599163,
      17.114655557270865,
      18.733999800842422,
      18.15524265733903,
      16.68452479935022,
      18.306180875204536,
      18.79216949898852,
      17.97046421044115,
      18.211068513707495,
      16.841302370591425,
      18.362767098547167
    ],
    "psnr_mean": 18.577470515507834,
    "psnr_min": 16.68452479935022
  },
  "composite": 0.617056694440107,
  "selection_log": [
    {
      "composite": 0.6214190119601145,
      "dino_adj": 0.9787702560424805,
      "dino_anchor": 0.9147248268127441,
      "psnr_mean": 18.73691414873513
    },
    {
      "composite": 0.6118049035744054,
      "dino_adj": 0.978928804397583,
      "dino_anchor": 0.8984194993972778,
      "psnr_mean": 18.20353019797292
    },
    {
      "composite": 0.6004545474344125,
      "dino_adj": 0.9881993532180786,
      "dino_anchor": 0.8489155769348145,
      "psnr_mean": 17.85096884016884
    }
  ]
}