{
  "scene": "garden",
  "model": "WorldPlay-5B + DINO Best-of-3 Optimization",
  "num_frames": 61,
  "num_chunks": 4,
  "num_candidates": 3,
  "resolution": "1280x704",
  "fps": 16,
  "dino": {
    "adj_sim_per_frame": [
      0.9899631142616272,
      0.9925220608711243,
      0.9897192120552063,
      0.9914802312850952,
      0.9875568151473999,
      0.9936765432357788,
      0.9946120977401733,
      0.9926436543464661,
      0.9931323528289795,
      0.9930576086044312,
      0.9869431257247925,
      0.9930661916732788,
      0.9835773706436157,
      0.9914248585700989,
      0.9882090091705322,
      0.9914131164550781,
      0.9935542345046997,
      0.9934170246124268,
      0.9884521961212158,
      0.9915592074394226,
      0.9928278923034668,
      0.9896504878997803,
      0.9934655427932739,
      0.9944121837615967,
      0.9941596984863281,
      0.9930084943771362,
      0.9783036112785339,
      0.9937644004821777,
      0.9894112348556519,
      0.9795857667922974,
      0.9876683950424194,
      0.9740843176841736,
      0.9853416681289673,
      0.99406498670578,
      0.9666346907615662,
      0.9908251762390137,
      0.9879122972488403,
      0.9848306775093079,
      0.9847676753997803,
      0.9917640686035156,
      0.9871761202812195,
      0.9819056987762451,
      0.9834818840026855,
      0.9952391386032104,
      0.9921861886978149,
      0.9790858030319214,
      0.9921865463256836,
      0.9924477338790894,
      0.9895145893096924,
      0.9926058053970337,
      0.9835593700408936,
      0.9942952394485474,
      0.9762203693389893,
      0.9926077127456665,
      0.9902962446212769,
      0.9923502206802368,
      0.9926260113716125,
      0.9925567507743835,
      0.980122983455658,
      0.9915618300437927
    ],
    "adj_sim_mean": 0.9889748096466064,
    "anchor_sim_per_frame": [
      1.0,
      0.9899631142616272,
      0.9823662042617798,
      0.97641921043396,
      0.975169837474823,
      0.9646709561347961,
      0.9580514430999756,
      0.966504693031311,
      0.9633722305297852,
      0.9585676193237305,
      0.9597291350364685,
      0.9526116251945496,
      0.9471964836120605,
      0.9457736015319824,
      0.9385319352149963,
      0.9256815314292908,
      0.9320046901702881,
      0.9256277084350586,
      0.925628662109375,
      0.9055635929107666,
      0.9167653322219849,
      0.9174761772155762,
      0.9192437529563904,
      0.9024365544319153,
      0.9026646614074707,
      0.9015289545059204,
      0.9064985513687134,
      0.8700575828552246,
      0.8762483596801758,
      0.8749443292617798,
      0.8822662234306335,
      0.8901382684707642,
      0.8853758573532104,
      0.8808175325393677,
      0.8774302005767822,
      0.8626365661621094,
      0.8673765659332275,
      0.8695676326751709,
      0.8593181371688843,
      0.838331937789917,
      0.8443472385406494,
      0.822791337966919,
      0.802242636680603,
      0.8019355535507202,
      0.7952188849449158,
      0.7923393249511719,
      0.8154526948928833,
      0.7924386262893677,
      0.7723684310913086,
      0.7794921398162842,
      0.7746509909629822,
      0.7800938487052917,
      0.7698212265968323,
      0.7435423731803894,
      0.7328633069992065,
      0.744543194770813,
      0.7294179797172546,
      0.7346010804176331,
      0.7281137108802795,
      0.7301530241966248,
      0.7517552375793457
    ],
    "anchor_sim_mean": 0.8693891763687134,
    "anchor_sim_last": 0.7517552375793457,
    "anchor_sim_drop_pct": 24.82447624206543
  },
  "psnr": {
    "psnr_per_frame": [
      17.166490468725943,
      16.47414686648401,
      16.47718749588894,
      17.605128289579707,
      15.469500974472002,
      16.75773257940905,
      17.528002025861653,
      17.656168126408957,
      17.040534197921193,
      17.085893795775725,
      14.788748450825295,
      17.48976394222995,
      15.64401328299623,
      15.492129090929843,
      15.69236314277283,
      16.239544504176276,
      16.062477085569004,
      16.320047589692194,
      14.598488901046846,
      17.297249884971237,
      16.769976331517782,
      15.516843858300874,
      16.7537023278525,
      17.241103286721135,
      16.759698683134804,
      16.642372587592405,
      15.11861538620268,
      17.24401714783593,
      16.195418232787095,
      15.926379955069756,
      15.918819946923211,
      16.488640997636324,
      16.109225705379604,
      16.083978282128022,
      14.37504626957528,
      16.683973446133937,
      16.086435617911082,
      15.97141182732682,
      16.20129246724141,
      16.753507841886584,
      16.61542660526327,
      16.616330616059297,
      14.917255705451586,
      17.174869575939333,
      16.69636495443629,
      14.792224508667474,
      16.274706046043775,
      16.88991806379292,
      16.221336174958537,
      16.04034977677333,
      14.224330409804129,
      16.6653621957045,
      16.139921082904493,
      16.201657337514774,
      16.19845592393979,
      16.7616077393914,
      16.60202413772431,
      16.528245907459738,
      14.56296348318676,
      16.75893757314934
    ],
    "psnr_mean": 16.27680597855099,
    "psnr_min": 14.224330409804129
  },
  "composite": 0.5858919499103364,
  "selection_log": [
    {
      "composite": 0.5916539603504308,
      "dino_adj": 0.9898227453231812,
      "dino_anchor": 0.9138466119766235,
      "psnr_mean": 15.994817863179309
    },
    {
      "composite": 0.5768416684914616,
      "dino_adj": 0.9834343791007996,
      "dino_anchor": 0.8551833033561707,
      "psnr_mean": 15.897891174165627
    },
    {
      "composite": 0.5589830364382834,
      "dino_adj": 0.9892101883888245,
      "dino_anchor": 0.7600191831588745,
      "psnr_mean": 15.8513452741551
    }
  ]
}