{
  "scene": "mountain",
  "model": "WorldPlay-5B + DINO Best-of-3 Optimization",
  "num_frames": 61,
  "num_chunks": 4,
  "num_candidates": 3,
  "resolution": "1280x704",
  "fps": 16,
  "dino": {
    "adj_sim_per_frame": [
      0.9981374144554138,
      0.9980139136314392,
      0.9985713958740234,
      0.998853325843811,
      0.9981118440628052,
      0.9987972378730774,
      0.9990522265434265,
      0.9992977976799011,
      0.9990066885948181,
      0.9991989135742188,
      0.9985771775245667,
      0.9987483024597168,
      0.9959033131599426,
      0.9976622462272644,
      0.99822598695755,
      0.9969726204872131,
      0.998603105545044,
      0.9987897276878357,
      0.9963864684104919,
      0.9982224702835083,
      0.9973888397216797,
      0.9981646537780762,
      0.9987645149230957,
      0.9989801645278931,
      0.9980630874633789,
      0.9992340207099915,
      0.9985202550888062,
      0.9990642070770264,
      0.9985646605491638,
      0.9979420900344849,
      0.9983412623405457,
      0.9988810420036316,
      0.9973846673965454,
      0.9968118667602539,
      0.9949204325675964,
      0.9991582632064819,
      0.9991469383239746,
      0.9977816939353943,
      0.9989933967590332,
      0.9989264011383057,
      0.9985790848731995,
      0.9989780783653259,
      0.9975453615188599,
      0.9992457628250122,
      0.9983620047569275,
      0.9976304173469543,
      0.9990628361701965,
      0.9985263347625732,
      0.9988807439804077,
      0.9982506036758423,
      0.9984567761421204,
      0.9989230632781982,
      0.9981896877288818,
      0.9982706904411316,
      0.9990338087081909,
      0.9992061257362366,
      0.9991506934165955,
      0.9992465972900391,
      0.998622477054596,
      0.9992111325263977
    ],
    "adj_sim_mean": 0.9983922839164734,
    "anchor_sim_per_frame": [
      0.9999998807907104,
      0.9981374144554138,
      0.9962630271911621,
      0.9966992139816284,
      0.9958744049072266,
      0.9941036701202393,
      0.9919370412826538,
      0.9911098480224609,
      0.9913693070411682,
      0.9902256727218628,
      0.9884406328201294,
      0.9898552894592285,
      0.986416220664978,
      0.9847680926322937,
      0.9810735583305359,
      0.9791827201843262,
      0.9784806370735168,
      0.9791495203971863,
      0.9780218601226807,
      0.9768567085266113,
      0.9781648516654968,
      0.9788323044776917,
      0.9786739945411682,
      0.979653000831604,
      0.9808294177055359,
      0.9796720147132874,
      0.9787137508392334,
      0.9798888564109802,
      0.9785234928131104,
      0.9790439009666443,
      0.9793016314506531,
      0.9753872156143188,
      0.9762261509895325,
      0.9775063395500183,
      0.9749136567115784,
      0.9743694067001343,
      0.9747893810272217,
      0.9739687442779541,
      0.9716528058052063,
      0.9721214175224304,
      0.9728101491928101,
      0.968598484992981,
      0.9715815186500549,
      0.9715924859046936,
      0.9725185036659241,
      0.9697774648666382,
      0.9689962267875671,
      0.9694371819496155,
      0.9721822738647461,
      0.9737380743026733,
      0.9702571630477905,
      0.97135329246521,
      0.9730007648468018,
      0.9763956665992737,
      0.9765005111694336,
      0.9780996441841125,
      0.9763023257255554,
      0.9770417809486389,
      0.9761130809783936,
      0.9761930704116821,
      0.9765213131904602
    ],
    "anchor_sim_mean": 0.9794952273368835,
    "anchor_sim_last": 0.9765213131904602,
    "anchor_sim_drop_pct": 2.3478686809539795
  },
  "psnr": {
    "psnr_per_frame": [
      21.10120518211327,
      19.21903845364314,
      19.551477162424263,
      21.54578601914414,
      18.91142132067584,
      18.433272503682538,
      21.281230964321516,
      21.163445280757927,
      20.336114499628852,
      20.585433098993256,
      17.470233494396894,
      20.724261105605542,
      19.38766458619611,
      16.467023705830254,
      18.544624496245188,
      18.81669692960358,
      18.206489601648364,
      18.142720185932614,
      15.968918848806798,
      18.543037170928606,
      18.479936441635772,
      16.309643819902156,
      18.501711057158744,
      18.90983934956101,
      18.67634381876567,
      18.81038696908103,
      16.812774736159447,
      19.101683069789463,
      18.81274382908236,
      16.90569018369082,
      18.98486352432847,
      19.72436189207645,
      18.64875391153637,
      19.37421551655429,
      17.133754541304846,
      20.682917639681126,
      20.203672177426753,
      17.76365868961261,
      20.52049354151949,
      20.840706703677743,
      20.46034978566523,
      20.580773450550982,
      18.38579130772237,
      20.84472814765916,
      20.699831269128104,
      18.639681447899427,
      20.896585693631955,
      21.22619912588458,
      20.727643277756442,
      20.844159711422556,
      18.61616093252253,
      22.061594547659922,
      22.094163696828765,
      19.96521121653513,
      22.524147308420165,
      23.15074439782701,
      22.85434298537162,
      22.932537411119895,
      20.19090584159759,
      22.870095047968306
    ],
    "psnr_mean": 19.669398210438253,
    "psnr_min": 15.968918848806798
  },
  "composite": 0.6514495091675777,
  "selection_log": [
    {
      "composite": 0.6307099398887358,
      "dino_adj": 0.9984019994735718,
      "dino_anchor": 0.9800789952278137,
      "psnr_mean": 17.93112841675846
    },
    {
      "composite": 0.6438201789930621,
      "dino_adj": 0.9971315264701843,
      "dino_anchor": 0.973559558391571,
      "psnr_mean": 19.164067447807717
    },
    {
      "composite": 0.6665549513156764,
      "dino_adj": 0.998744010925293,
      "dino_anchor": 0.9726334810256958,
      "psnr_mean": 21.033754319412452
    }
  ]
}