{
  "scene": "beach",
  "model": "WorldPlay-5B (original, no optimization)",
  "num_frames": 61,
  "num_chunks": 4,
  "resolution": "1280x704",
  "fps": 16,
  "dino": {
    "adj_sim_per_frame": [
      0.9881439805030823,
      0.9885573983192444,
      0.9486262202262878,
      0.9784616231918335,
      0.9792051315307617,
      0.9669880867004395,
      0.972199022769928,
      0.9826384782791138,
      0.9828522801399231,
      0.9852277636528015,
      0.9371836185455322,
      0.9870811700820923,
      0.9675220251083374,
      0.9587443470954895,
      0.983698844909668,
      0.9719291925430298,
      0.9592527747154236,
      0.9475381374359131,
      0.9761871099472046,
      0.9855865836143494,
      0.9607735276222229,
      0.9739187359809875,
      0.9334840774536133,
      0.9873147010803223,
      0.9509891867637634,
      0.9816089868545532,
      0.9419493675231934,
      0.9786333441734314,
      0.9706509709358215,
      0.962389349937439,
      0.9757319688796997,
      0.9703878164291382,
      0.9858319759368896,
      0.9882700443267822,
      0.9711602330207825,
      0.9807921051979065,
      0.9642788171768188,
      0.9718725681304932,
      0.9849532842636108,
      0.9822165966033936,
      0.9601736068725586,
      0.9642947912216187,
      0.9673736095428467,
      0.9689040184020996,
      0.9782214164733887,
      0.9716209173202515,
      0.9808403253555298,
      0.9905732870101929,
      0.983345627784729,
      0.9909030795097351,
      0.9739925265312195,
      0.9868613481521606,
      0.9848817586898804,
      0.9786290526390076,
      0.9905275702476501,
      0.9872212409973145,
      0.9834444522857666,
      0.9632427096366882,
      0.9788143038749695,
      0.992306649684906
    ],
    "adj_sim_mean": 0.9740167260169983,
    "anchor_sim_per_frame": [
      1.0000001192092896,
      0.9881439805030823,
      0.9840267300605774,
      0.93012535572052,
      0.8994604349136353,
      0.8726831674575806,
      0.8984895944595337,
      0.9338740110397339,
      0.9434196949005127,
      0.942652702331543,
      0.9351435899734497,
      0.8662638664245605,
      0.8690265417098999,
      0.8915502429008484,
      0.9232545495033264,
      0.9130872488021851,
      0.9149276614189148,
      0.8928495645523071,
      0.9452824592590332,
      0.9432585835456848,
      0.9272226691246033,
      0.8692336678504944,
      0.857804536819458,
      0.9222179055213928,
      0.914361298084259,
      0.8547123074531555,
      0.8864207863807678,
      0.9150815606117249,
      0.942375659942627,
      0.9208477139472961,
      0.9219522476196289,
      0.9422346353530884,
      0.9160789251327515,
      0.926915168762207,
      0.9273407459259033,
      0.9304441809654236,
      0.9321718811988831,
      0.918677031993866,
      0.9097427129745483,
      0.9004445672035217,
      0.9041169285774231,
      0.8915384411811829,
      0.8902088403701782,
      0.9002606272697449,
      0.8860780596733093,
      0.8798123598098755,
      0.8920543193817139,
      0.8803738355636597,
      0.8822347521781921,
      0.8684942126274109,
      0.8780511617660522,
      0.8811001777648926,
      0.8783740997314453,
      0.8854982256889343,
      0.8763406276702881,
      0.865474283695221,
      0.8477253913879395,
      0.8227759599685669,
      0.8337452411651611,
      0.840517520904541,
      0.8313145637512207
    ],
    "anchor_sim_mean": 0.9022932648658752,
    "anchor_sim_last": 0.8313145637512207,
    "anchor_sim_drop_pct": 16.86854362487793
  },
  "psnr": {
    "psnr_per_frame": [
      19.664051878466214,
      19.59162271464703,
      17.931821783697163,
      20.40519043377703,
      18.763137054732173,
      18.316621257727864,
      19.89019142397263,
      20.202620422672098,
      19.669458798592608,
      19.831946108820226,
      17.982866930483127,
      20.563212488035738,
      19.49349610167485,
      17.78327717089062,
      19.57022986420223,
      20.021008509212287,
      19.44868637470882,
      19.720321606285992,
      17.950914695913227,
      19.48773469698513,
      19.460899920375997,
      17.813062706471836,
      19.447472332913197,
      20.41021315257254,
      18.551790214850993,
      19.32429469331769,
      17.686597926589027,
      19.437746568766375,
      19.034597209508814,
      17.26630557930956,
      18.612409887528706,
      18.9931480350536,
      18.550050499042282,
      18.30673224730176,
      16.72283594270041,
      18.377445540817867,
      17.48169470076279,
      16.592129951421853,
      18.120951324666084,
      18.547917703325602,
      18.08889466799895,
      18.040576231488515,
      16.637520997607233,
      18.1604210058694,
      18.586151141146516,
      16.38818243929081,
      17.860795279486215,
      18.464265197331798,
      17.810332464777005,
      17.787934707150768,
      16.478545621438037,
      18.066331422869656,
      18.1402549758323,
      16.147004590050106,
      17.92308620626383,
      19.11495254019946,
      17.26814124631504,
      17.704147231427875,
      16.30736821885666,
      18.802025693586486
    ],
    "psnr_mean": 18.480060638863012,
    "psnr_min": 16.147004590050106
  },
  "composite": 0.6144243984446307
}