{
  "scene": "garden",
  "model": "WorldPlay-5B (original, no optimization)",
  "num_frames": 61,
  "num_chunks": 4,
  "resolution": "1280x704",
  "fps": 16,
  "dino": {
    "adj_sim_per_frame": [
      0.9880110025405884,
      0.9923014640808105,
      0.9936225414276123,
      0.9950055480003357,
      0.98561030626297,
      0.9954112768173218,
      0.9950517416000366,
      0.9960836172103882,
      0.9929401874542236,
      0.9944472312927246,
      0.9862256050109863,
      0.9917740821838379,
      0.988560140132904,
      0.9702461957931519,
      0.9853417873382568,
      0.9915527701377869,
      0.9934398531913757,
      0.993995189666748,
      0.988695502281189,
      0.9930939078330994,
      0.9922820925712585,
      0.9851762056350708,
      0.9892153739929199,
      0.9958311319351196,
      0.9959739446640015,
      0.9943163394927979,
      0.9865878820419312,
      0.9938641786575317,
      0.9835159778594971,
      0.9883589148521423,
      0.9885019063949585,
      0.9887123107910156,
      0.9857163429260254,
      0.9867571592330933,
      0.9822282791137695,
      0.9882386922836304,
      0.9840304851531982,
      0.9860200881958008,
      0.9877558946609497,
      0.9901922941207886,
      0.9925186634063721,
      0.9854718446731567,
      0.965057373046875,
      0.9710244536399841,
      0.9863440990447998,
      0.9842216968536377,
      0.9862220287322998,
      0.9919089078903198,
      0.9907890558242798,
      0.9882673025131226,
      0.9837135076522827,
      0.9906078577041626,
      0.9922271966934204,
      0.992547869682312,
      0.9916213750839233,
      0.9931668043136597,
      0.9960882663726807,
      0.9954678416252136,
      0.9823684096336365,
      0.9945977926254272
    ],
    "adj_sim_mean": 0.9889819622039795,
    "anchor_sim_per_frame": [
      1.0,
      0.9880110025405884,
      0.9841337203979492,
      0.9792631268501282,
      0.9760157465934753,
      0.9701380133628845,
      0.966789722442627,
      0.9657082557678223,
      0.9669684171676636,
      0.9620692133903503,
      0.9593889713287354,
      0.95433509349823,
      0.9586754441261292,
      0.9625051021575928,
      0.9422601461410522,
      0.9384957551956177,
      0.944183349609375,
      0.9417290091514587,
      0.9296289682388306,
      0.9278167486190796,
      0.9382855892181396,
      0.9397689700126648,
      0.9422398805618286,
      0.9290993213653564,
      0.9248695969581604,
      0.9236143827438354,
      0.9128472208976746,
      0.9108741283416748,
      0.9046307802200317,
      0.8696622252464294,
      0.860558271408081,
      0.8685635328292847,
      0.8719561696052551,
      0.8826541900634766,
      0.8883062601089478,
      0.8730131983757019,
      0.8548436164855957,
      0.8667418360710144,
      0.8706210851669312,
      0.8648778200149536,
      0.8461436033248901,
      0.8566876649856567,
      0.8307989835739136,
      0.8655600547790527,
      0.8428927659988403,
      0.8625831604003906,
      0.8620786666870117,
      0.8439267873764038,
      0.8514472246170044,
      0.8502957820892334,
      0.8454761505126953,
      0.8230383992195129,
      0.8330889940261841,
      0.8204494118690491,
      0.8145967721939087,
      0.836054265499115,
      0.8307652473449707,
      0.8235586881637573,
      0.8239603042602539,
      0.8232055902481079,
      0.809847891330719
    ],
    "anchor_sim_mean": 0.8969278335571289,
    "anchor_sim_last": 0.809847891330719,
    "anchor_sim_drop_pct": 19.01521110534668
  },
  "psnr": {
    "psnr_per_frame": [
      17.41499416531206,
      16.429417139930955,
      16.340048270135444,
      17.79508012402633,
      15.51848260743903,
      16.77270666999188,
      17.60662885773966,
      17.706752560868185,
      17.064880198253295,
      17.121133428698712,
      14.878066788874648,
      17.492332199154504,
      15.59558833179137,
      15.51251036295726,
      15.558250691020616,
      15.957383332198042,
      15.615681731977048,
      15.971714066200741,
      14.349304462200795,
      16.838593468244127,
      16.76747606080957,
      14.95716818503581,
      17.00337651035947,
      17.98788141525328,
      16.597140544645093,
      16.72749837126267,
      15.259854097287153,
      17.26446263938592,
      16.357423965598397,
      15.868256359626788,
      16.11110847348359,
      16.57180384726986,
      16.135535252978613,
      16.053683003624396,
      14.206489038230323,
      16.404047999574708,
      15.863824891565606,
      15.85583488322209,
      16.037411917038188,
      16.591084011190237,
      16.475973708653193,
      16.454059588491226,
      14.628106440810615,
      16.912432108392018,
      16.831873431703794,
      14.212573727474297,
      16.258156861598184,
      16.986700058309886,
      15.954135441641133,
      15.877048129633414,
      14.347200950974885,
      16.885873568255064,
      16.532621768861503,
      16.324190815950978,
      16.74215587703802,
      17.330892849510505,
      17.160144823378914,
      17.137658265557427,
      15.16055351338413,
      17.53583367040625
    ],
    "psnr_mean": 16.298484942074698,
    "psnr_min": 14.206489038230323
  },
  "composite": 0.591661974677516
}