{
  "scene": "mountain",
  "model": "WorldPlay-5B (original, no optimization)",
  "num_frames": 61,
  "num_chunks": 4,
  "resolution": "1280x704",
  "fps": 16,
  "dino": {
    "adj_sim_per_frame": [
      0.9986267685890198,
      0.9973527193069458,
      0.9986289739608765,
      0.9986482858657837,
      0.9983377456665039,
      0.9986563920974731,
      0.9992266893386841,
      0.9991934299468994,
      0.9986997246742249,
      0.9987816214561462,
      0.9982657432556152,
      0.998527467250824,
      0.9852193593978882,
      0.9872631430625916,
      0.9972003102302551,
      0.9984980225563049,
      0.9974198341369629,
      0.9988232851028442,
      0.9976226687431335,
      0.9982044696807861,
      0.9986833333969116,
      0.9978305101394653,
      0.9993516802787781,
      0.9991487860679626,
      0.9981968998908997,
      0.9988428354263306,
      0.9989652633666992,
      0.9994290471076965,
      0.9987513422966003,
      0.9976879358291626,
      0.9986907839775085,
      0.9989146590232849,
      0.9984244108200073,
      0.998960018157959,
      0.9971122145652771,
      0.9987331628799438,
      0.9989239573478699,
      0.9981753826141357,
      0.9992775917053223,
      0.9992293119430542,
      0.998455286026001,
      0.9973825216293335,
      0.9964652061462402,
      0.9982283115386963,
      0.9987481236457825,
      0.9965046644210815,
      0.9982432126998901,
      0.9986481666564941,
      0.9987024068832397,
      0.9983119964599609,
      0.9968398809432983,
      0.9991835355758667,
      0.9991064071655273,
      0.9989834427833557,
      0.9995170831680298,
      0.9995439052581787,
      0.9989485740661621,
      0.9993868470191956,
      0.9987959265708923,
      0.9993220567703247
    ],
    "adj_sim_mean": 0.9980974197387695,
    "anchor_sim_per_frame": [
      0.9999999403953552,
      0.9986267685890198,
      0.9954692125320435,
      0.9943411946296692,
      0.9939007759094238,
      0.992829442024231,
      0.9907995462417603,
      0.9907548427581787,
      0.990163266658783,
      0.9895645380020142,
      0.9892441034317017,
      0.9887508749961853,
      0.9880295991897583,
      0.9692375063896179,
      0.9760757088661194,
      0.9736374616622925,
      0.9730523228645325,
      0.9736529588699341,
      0.9749807715415955,
      0.9739351868629456,
      0.9734848737716675,
      0.9728825688362122,
      0.9733034372329712,
      0.9744672179222107,
      0.9753853678703308,
      0.9780058860778809,
      0.9797976016998291,
      0.9793347716331482,
      0.9794594645500183,
      0.978305995464325,
      0.980128288269043,
      0.9788045883178711,
      0.9801502227783203,
      0.9780293107032776,
      0.9760167002677917,
      0.97376948595047,
      0.9722034335136414,
      0.974037230014801,
      0.9753050804138184,
      0.9733675718307495,
      0.9735462665557861,
      0.971936821937561,
      0.9712108373641968,
      0.9716991782188416,
      0.9712571501731873,
      0.9708808660507202,
      0.9730697870254517,
      0.9725037813186646,
      0.9721678495407104,
      0.9725229144096375,
      0.9734989404678345,
      0.9720426797866821,
      0.9704960584640503,
      0.9715197682380676,
      0.9724884033203125,
      0.9724380373954773,
      0.9727578163146973,
      0.9714399576187134,
      0.9708892107009888,
      0.9724524617195129,
      0.971685528755188
    ],
    "anchor_sim_mean": 0.9779638051986694,
    "anchor_sim_last": 0.971685528755188,
    "anchor_sim_drop_pct": 2.831447124481201
  },
  "psnr": {
    "psnr_per_frame": [
      20.939560089616734,
      18.809156820555167,
      19.661013761689848,
      21.34597605128142,
      18.68738006200278,
      18.235626665209807,
      20.898565490670848,
      20.813474311210058,
      19.967794511048055,
      20.20581073372005,
      17.23669908464176,
      20.383245528438103,
      19.153193301889658,
      16.804422722357476,
      18.544297005600875,
      18.860878160206656,
      17.998892275454548,
      18.02816023682974,
      15.730066760584311,
      18.0616862967312,
      18.128745136940278,
      16.041429847199606,
      18.229506177698727,
      18.858194850329557,
      18.130849228667472,
      18.380000241178312,
      16.77267402261893,
      18.74313459758391,
      18.260721020962784,
      16.49503207692534,
      18.39015796057231,
      19.049343088493146,
      18.648417746609752,
      18.681922947050815,
      16.660312777659566,
      19.513104158568225,
      19.36052429720814,
      17.2647324415684,
      19.823394951357955,
      20.179703199039455,
      19.976685282610653,
      20.11552877218695,
      17.70968467464593,
      20.533354007413493,
      20.170621248783558,
      16.971883750927134,
      19.73397834336999,
      20.014349809254526,
      19.471556523983796,
      19.602265791912917,
      17.643182081391625,
      20.6000556004812,
      20.526793782869603,
      18.10066528993024,
      20.565311208493444,
      20.879826150015045,
      20.41366300886279,
      20.45609083631434,
      18.355040351115854,
      20.879346275611628
    ],
    "psnr_mean": 18.978294723802442,
    "psnr_min": 15.730066760584311
  },
  "composite": 0.642761523646994
}