{
  "scene": "garden",
  "mode": "baseline",
  "num_chunks": 4,
  "generation_time_s": 190.03809118270874,
  "num_frames": 61,
  "full_dino_adj_sim": 0.9851066470146179,
  "full_dino_anchor_sim": 0.8324837684631348,
  "full_dino_reward": 0.9240574955940246,
  "full_psnr_mean": 14.219790642938815,
  "full_psnr_min": 12.18556376751868,
  "full_composite": 0.4620287477970123,
  "per_frame_anchor_sim": [
    0.9999999403953552,
    0.9931027293205261,
    0.9852309823036194,
    0.9789637327194214,
    0.9744486808776855,
    0.9691590666770935,
    0.9687221050262451,
    0.9634934663772583,
    0.9586539268493652,
    0.9565054774284363,
    0.9549129605293274,
    0.9494312405586243,
    0.9483084082603455,
    0.9288066029548645,
    0.9308708906173706,
    0.9470692873001099,
    0.9477816820144653,
    0.9446268677711487,
    0.9441757202148438,
    0.9282751083374023,
    0.9188478589057922,
    0.9170539379119873,
    0.8960037231445312,
    0.8885966539382935,
    0.8765522241592407,
    0.8494740724563599,
    0.8459476232528687,
    0.8609825372695923,
    0.8475582599639893,
    0.8253909349441528,
    0.801058292388916,
    0.7894392013549805,
    0.7878895998001099,
    0.8001527786254883,
    0.7891160249710083,
    0.7946004867553711,
    0.8102991580963135,
    0.8112146258354187,
    0.8523677587509155,
    0.8753711581230164,
    0.863364577293396,
    0.8274140357971191,
    0.8241634368896484,
    0.7563351392745972,
    0.7559127807617188,
    0.7336143851280212,
    0.7672865390777588,
    0.7034517526626587,
    0.6747807264328003,
    0.6672065258026123,
    0.69221031665802,
    0.6490517854690552,
    0.6300559043884277,
    0.6360321044921875,
    0.6887755393981934,
    0.6779147386550903,
    0.6524747014045715,
    0.6345645189285278,
    0.6161621809005737,
    0.6552180051803589,
    0.665067195892334
  ],
  "per_frame_psnr": [
    13.905795480288084,
    13.935619087053526,
    13.930670909444027,
    14.3837102280916,
    13.697418620221127,
    14.60898128856243,
    14.813499260152687,
    15.13206672076889,
    15.068906857756959,
    15.224185851404588,
    13.375342277395458,
    15.871217775592532,
    14.332437971901339,
    14.373202800921536,
    14.408539286403917,
    14.802340688361353,
    14.589808300614294,
    14.72719729567051,
    13.13680241320891,
    15.140597368286052,
    14.540782214573076,
    14.449419484436905,
    14.462697029651554,
    14.779097117470524,
    14.42211152266876,
    14.372876064401458,
    14.266741517342293,
    14.680525007722625,
    14.239800398748045,
    14.21312948201284,
    14.267618446041562,
    14.62727885191752,
    14.612624066521033,
    14.54657285206984,
    13.058947788516297,
    14.943946229183398,
    14.279356315148672,
    14.20341537176392,
    14.209076772252518,
    14.478597845472333,
    14.418235638857757,
    14.266856579974391,
    12.87998597153443,
    14.601738829505063,
    13.998593932765571,
    12.61065005663516,
    13.73126516490565,
    14.299344278207782,
    13.973857274085283,
    13.814922205389617,
    13.479531014538145,
    14.851735924761623,
    14.184752002369777,
    13.870631465631401,
    13.790328908651905,
    13.960481851140445,
    13.704179084401943,
    13.512706086972521,
    12.18556376751868,
    13.939123678466645
  ]
}