{
  "scene": "beach",
  "mode": "baseline",
  "num_chunks": 4,
  "generation_time_s": 48.35808277130127,
  "num_frames": 61,
  "full_dino_adj_sim": 0.9820512533187866,
  "full_dino_anchor_sim": 0.9237710237503052,
  "full_dino_reward": 0.958739161491394,
  "full_psnr_mean": 20.47371896300044,
  "full_psnr_min": 13.064734111714035,
  "full_composite": 0.5450542083017023,
  "per_frame_anchor_sim": [
    1.0,
    0.9929547905921936,
    0.9839935302734375,
    0.9800033569335938,
    0.9775646328926086,
    0.9816904067993164,
    0.9860309958457947,
    0.9763120412826538,
    0.9812144041061401,
    0.9855613708496094,
    0.9849929809570312,
    0.9716291427612305,
    0.9846521019935608,
    0.984408438205719,
    0.972137987613678,
    0.9867579340934753,
    0.9839198589324951,
    0.9753594994544983,
    0.9833623170852661,
    0.9820002317428589,
    0.9789128303527832,
    0.9746579527854919,
    0.9788494110107422,
    0.9812489151954651,
    0.9812023639678955,
    0.977294921875,
    0.9800560474395752,
    0.9720109105110168,
    0.9796768426895142,
    0.9729508757591248,
    0.9618203639984131,
    0.9663533568382263,
    0.9680777788162231,
    0.9618547558784485,
    0.9662479758262634,
    0.9587690830230713,
    0.9617089033126831,
    0.9531009793281555,
    0.9613751769065857,
    0.9547854661941528,
    0.9523345232009888,
    0.9498360753059387,
    0.9464353919029236,
    0.9487614035606384,
    0.9443295001983643,
    0.9350776076316833,
    0.9233520030975342,
    0.9172216057777405,
    0.9079897403717041,
    0.9048019647598267,
    0.8913092613220215,
    0.8699339032173157,
    0.8002970218658447,
    0.851869523525238,
    0.7678787708282471,
    0.6979429721832275,
    0.6137406229972839,
    0.6265988945960999,
    0.6868863105773926,
    0.5862631797790527,
    0.5816757678985596
  ],
  "per_frame_psnr": [
    26.172528186170595,
    24.184390690640246,
    22.884408289959897,
    28.1452584634768,
    23.745333506264522,
    22.275411240566886,
    25.127157105102714,
    25.8892395035358,
    23.959241032104494,
    24.497763502711617,
    21.9037193432613,
    28.531057064122336,
    25.066899795417203,
    22.264500332905822,
    25.419708598212587,
    28.15226344414885,
    23.330933001194154,
    25.106448213436742,
    22.644412141973685,
    24.324443283615985,
    24.95592723906733,
    22.214132570453046,
    24.50020979247743,
    28.581821472151972,
    22.161463289223416,
    23.682574318056062,
    20.80308409391574,
    23.25068401719285,
    22.89058866781908,
    19.854837648530786,
    22.61782809388191,
    23.20003144834907,
    21.333929604859385,
    20.627788792808207,
    18.329673085317925,
    19.176263308399225,
    18.540304474778768,
    16.458569512167184,
    17.802951165338733,
    18.277792995217684,
    17.274111884661046,
    16.74548617559698,
    15.695542953641148,
    16.1629379343061,
    16.76175001934368,
    14.661411021068824,
    15.746444446382215,
    17.11974833664724,
    15.175124352064614,
    15.578196942162206,
    14.621642025076074,
    15.03777431763329,
    15.589633302936734,
    13.73092160025096,
    14.284090444240608,
    15.437967864415148,
    14.23529945070899,
    14.466795224127043,
    13.064734111714035,
    14.147953044221417
  ]
}