{
  "scene": "mountain",
  "mode": "baseline",
  "num_chunks": 4,
  "generation_time_s": 50.3066246509552,
  "num_frames": 61,
  "full_dino_adj_sim": 0.9989386200904846,
  "full_dino_anchor_sim": 0.9806483387947083,
  "full_dino_reward": 0.9916225075721741,
  "full_psnr_mean": 22.55406115804051,
  "full_psnr_min": 16.628831587165728,
  "full_composite": 0.5864599876825731,
  "per_frame_anchor_sim": [
    1.0,
    0.9973711371421814,
    0.9900015592575073,
    0.9897100329399109,
    0.9899868369102478,
    0.9891870617866516,
    0.9900907874107361,
    0.9899448156356812,
    0.9901637434959412,
    0.9899570941925049,
    0.9893754124641418,
    0.9889324903488159,
    0.9887754917144775,
    0.987596869468689,
    0.9875202178955078,
    0.9881950616836548,
    0.988723635673523,
    0.9862656593322754,
    0.9856958389282227,
    0.9878056049346924,
    0.9883934855461121,
    0.9850518107414246,
    0.9827612638473511,
    0.9836766719818115,
    0.9852925539016724,
    0.9829490184783936,
    0.9822802543640137,
    0.9796558022499084,
    0.9795995354652405,
    0.976933479309082,
    0.9818275570869446,
    0.9835937023162842,
    0.983429491519928,
    0.9816431999206543,
    0.9800348281860352,
    0.978969931602478,
    0.9792815446853638,
    0.9772008657455444,
    0.9778525233268738,
    0.9801657199859619,
    0.9807690382003784,
    0.9805089235305786,
    0.9798095226287842,
    0.9797227382659912,
    0.9796193838119507,
    0.9778026938438416,
    0.9733871817588806,
    0.9723873734474182,
    0.973694920539856,
    0.9678574204444885,
    0.9688571095466614,
    0.9676475524902344,
    0.9673671722412109,
    0.9598995447158813,
    0.96360182762146,
    0.9645829200744629,
    0.9644789695739746,
    0.9645254611968994,
    0.9654949307441711,
    0.9703782796859741,
    0.9712691903114319
  ],
  "per_frame_psnr": [
    23.893665059664517,
    24.83504210268976,
    21.396673541236765,
    27.94310309755121,
    23.68619044719063,
    22.465072647194972,
    27.0409381953774,
    28.839526208964237,
    25.705785040572874,
    27.98376028748613,
    23.406383273773848,
    30.49532043359327,
    24.139757947006004,
    22.585046283899924,
    24.51315071293154,
    26.788749399661658,
    23.35187176396888,
    24.363954436313932,
    20.245227546313068,
    24.71869946904331,
    23.053300130458823,
    19.494358975457356,
    23.060109274293225,
    27.723837669537133,
    21.755914734725657,
    23.44535751853204,
    20.003109607420853,
    24.94879595453195,
    22.28191795680802,
    20.413051167845726,
    21.85132043603199,
    22.938411197484008,
    21.76202830373033,
    21.285990503159447,
    18.117036086798976,
    21.928211280149274,
    20.975634089568715,
    20.507281744219853,
    21.27278774865809,
    21.501481535992998,
    21.40613092197121,
    21.325976429857615,
    18.108394197005694,
    22.68824164657477,
    21.079148284641857,
    16.628831587165728,
    20.51562334878945,
    23.89479463065276,
    19.678119079737584,
    20.031967558908583,
    17.30331732071192,
    23.050622196984406,
    21.10456176748839,
    17.85525511103353,
    21.873909467988845,
    23.68145881845311,
    21.091970104371924,
    21.956124792068287,
    19.441777583294012,
    23.80959082489248
  ]
}